{
	"partitions" : [
		{
			"name" : "Top",
			"pins" : [
				{
					"name" : "food_in",
					"strict" : false
				},
				{
					"name" : "stateLeds[0]",
					"strict" : false
				},
				{
					"name" : "stateLeds[1]",
					"strict" : false
				},
				{
					"name" : "stateLeds[2]",
					"strict" : false
				},
				{
					"name" : "stateLeds[3]",
					"strict" : false
				},
				{
					"name" : "stateLeds[4]",
					"strict" : false
				},
				{
					"name" : "refClock",
					"strict" : false
				},
				{
					"name" : "reset",
					"strict" : false
				},
				{
					"name" : "programs[1]",
					"strict" : false
				},
				{
					"name" : "programs[2]",
					"strict" : false
				},
				{
					"name" : "programs[0]",
					"strict" : false
				},
				{
					"name" : "open_oven",
					"strict" : false
				},
				{
					"name" : "on_off",
					"strict" : false
				},
				{
					"name" : "timerUp",
					"strict" : false
				},
				{
					"name" : "timerDw",
					"strict" : false
				},
				{
					"name" : "run",
					"strict" : false
				},
				{
					"name" : "cooll",
					"strict" : false
				},
				{
					"name" : "tempDw",
					"strict" : false
				},
				{
					"name" : "tempUp",
					"strict" : false
				}
			]
		}
	]
}